title,year,conf,conf_long
"Proceedings of the 28th ACM International Conference on Information and Knowledge Management, CIKM 2019, Beijing, China, November 3-7, 2019.",2019,CIKM,INTERNATIONAL CONFERENCE ON INFORMATION AND KNOWLEDGE MANAGEMENT
Autonomous Driving Towards Mass Production.,2019,CIKM,INTERNATIONAL CONFERENCE ON INFORMATION AND KNOWLEDGE MANAGEMENT
The Fisher-Rao Metric in Computer Vision.,2019,CIKM,INTERNATIONAL CONFERENCE ON INFORMATION AND KNOWLEDGE MANAGEMENT
From Unstructured Text to TextCube: Automated Construction and Multidimensional Exploration.,2019,CIKM,INTERNATIONAL CONFERENCE ON INFORMATION AND KNOWLEDGE MANAGEMENT
Practicing the Art of Data Science.,2019,CIKM,INTERNATIONAL CONFERENCE ON INFORMATION AND KNOWLEDGE MANAGEMENT
On VR Spatial Query for Dual Entangled Worlds.,2019,CIKM,INTERNATIONAL CONFERENCE ON INFORMATION AND KNOWLEDGE MANAGEMENT
Sketching Streaming Histogram Elements using Multiple Weighted Factors.,2019,CIKM,INTERNATIONAL CONFERENCE ON INFORMATION AND KNOWLEDGE MANAGEMENT
Improved Compressed String Dictionaries.,2019,CIKM,INTERNATIONAL CONFERENCE ON INFORMATION AND KNOWLEDGE MANAGEMENT
On Transforming Relevance Scales.,2019,CIKM,INTERNATIONAL CONFERENCE ON INFORMATION AND KNOWLEDGE MANAGEMENT
Streamline Density Peak Clustering for Practical Adoptions.,2019,CIKM,INTERNATIONAL CONFERENCE ON INFORMATION AND KNOWLEDGE MANAGEMENT
Recommendation-based Team Formation for On-demand Taxi-calling Platforms.,2019,CIKM,INTERNATIONAL CONFERENCE ON INFORMATION AND KNOWLEDGE MANAGEMENT
DeepIST: Deep Image-based Spatio-Temporal Network for Travel Time Estimation.,2019,CIKM,INTERNATIONAL CONFERENCE ON INFORMATION AND KNOWLEDGE MANAGEMENT
Personalized Route Description Based On Historical Trajectories.,2019,CIKM,INTERNATIONAL CONFERENCE ON INFORMATION AND KNOWLEDGE MANAGEMENT
Geolocating Tweets in any Language at any Location.,2019,CIKM,INTERNATIONAL CONFERENCE ON INFORMATION AND KNOWLEDGE MANAGEMENT
SeiSMo: Semi-supervised Time Series Motif Discovery for Seismic Signal Detection.,2019,CIKM,INTERNATIONAL CONFERENCE ON INFORMATION AND KNOWLEDGE MANAGEMENT
UA-CRNN: Uncertainty-Aware Convolutional Recurrent Neural Network for Mortality Risk Prediction.,2019,CIKM,INTERNATIONAL CONFERENCE ON INFORMATION AND KNOWLEDGE MANAGEMENT
Learning More with Less: Conditional PGGAN-based Data Augmentation for Brain Metastases Detection Using Highly-Rough Annotation on MR Images.,2019,CIKM,INTERNATIONAL CONFERENCE ON INFORMATION AND KNOWLEDGE MANAGEMENT
Domain Knowledge Guided Deep Atrial Fibrillation Classification and Its Visual Interpretation.,2019,CIKM,INTERNATIONAL CONFERENCE ON INFORMATION AND KNOWLEDGE MANAGEMENT
Question Difficulty Prediction for Multiple Choice Problems in Medical Exams.,2019,CIKM,INTERNATIONAL CONFERENCE ON INFORMATION AND KNOWLEDGE MANAGEMENT
GRAPHENE: A Precise Biomedical Literature Retrieval Engine with Graph Augmented Deep Learning and External Knowledge Empowerment.,2019,CIKM,INTERNATIONAL CONFERENCE ON INFORMATION AND KNOWLEDGE MANAGEMENT
Video-level Multi-model Fusion for Action Recognition.,2019,CIKM,INTERNATIONAL CONFERENCE ON INFORMATION AND KNOWLEDGE MANAGEMENT
Large Scale Landmark Recognition via Deep Metric Learning.,2019,CIKM,INTERNATIONAL CONFERENCE ON INFORMATION AND KNOWLEDGE MANAGEMENT
Multi-stage Deep Classifier Cascades for Open World Recognition.,2019,CIKM,INTERNATIONAL CONFERENCE ON INFORMATION AND KNOWLEDGE MANAGEMENT
Inferring Context from Pixels for Multimodal Image Classification.,2019,CIKM,INTERNATIONAL CONFERENCE ON INFORMATION AND KNOWLEDGE MANAGEMENT
Multi-Target Multi-Camera Tracking with Human Body Part Semantic Features.,2019,CIKM,INTERNATIONAL CONFERENCE ON INFORMATION AND KNOWLEDGE MANAGEMENT
Efficient Join Processing Over Incomplete Data Streams.,2019,CIKM,INTERNATIONAL CONFERENCE ON INFORMATION AND KNOWLEDGE MANAGEMENT
Inclusion Dependency Discovery: An Experimental Evaluation of Thirteen Algorithms.,2019,CIKM,INTERNATIONAL CONFERENCE ON INFORMATION AND KNOWLEDGE MANAGEMENT
Constructing a Comprehensive Events Database from the Web.,2019,CIKM,INTERNATIONAL CONFERENCE ON INFORMATION AND KNOWLEDGE MANAGEMENT
Deploying Hash Tables on Die-Stacked High Bandwidth Memory.,2019,CIKM,INTERNATIONAL CONFERENCE ON INFORMATION AND KNOWLEDGE MANAGEMENT
Partially Shared Adversarial Learning For Semi-supervised Multi-platform User Identity Linkage.,2019,CIKM,INTERNATIONAL CONFERENCE ON INFORMATION AND KNOWLEDGE MANAGEMENT
Adversarial Domain Adaptation with Semantic Consistency for Cross-Domain Image Classification.,2019,CIKM,INTERNATIONAL CONFERENCE ON INFORMATION AND KNOWLEDGE MANAGEMENT
ATL: Autonomous Knowledge Transfer from Many Streaming Processes.,2019,CIKM,INTERNATIONAL CONFERENCE ON INFORMATION AND KNOWLEDGE MANAGEMENT
Knowledge Transfer based on Multiple Manifolds Assumption.,2019,CIKM,INTERNATIONAL CONFERENCE ON INFORMATION AND KNOWLEDGE MANAGEMENT
Cross-domain Aspect Category Transfer and Detection via Traceable Heterogeneous Graph Representation Learning.,2019,CIKM,INTERNATIONAL CONFERENCE ON INFORMATION AND KNOWLEDGE MANAGEMENT
A Deep Neural Framework for Sales Forecasting in E-Commerce.,2019,CIKM,INTERNATIONAL CONFERENCE ON INFORMATION AND KNOWLEDGE MANAGEMENT
An Active and Deep Semantic Matching Framework for Query Rewrite in E-Commercial Search Engine.,2019,CIKM,INTERNATIONAL CONFERENCE ON INFORMATION AND KNOWLEDGE MANAGEMENT
AIBox: CTR Prediction Model Training on a Single Node.,2019,CIKM,INTERNATIONAL CONFERENCE ON INFORMATION AND KNOWLEDGE MANAGEMENT
Improving Ad Click Prediction by Considering Non-displayed Events.,2019,CIKM,INTERNATIONAL CONFERENCE ON INFORMATION AND KNOWLEDGE MANAGEMENT
Approximation Algorithms for Coordinating Ad Campaigns on Social Networks.,2019,CIKM,INTERNATIONAL CONFERENCE ON INFORMATION AND KNOWLEDGE MANAGEMENT
Regularized Adversarial Sampling and Deep Time-aware Attention for Click-Through Rate Prediction.,2019,CIKM,INTERNATIONAL CONFERENCE ON INFORMATION AND KNOWLEDGE MANAGEMENT
Conversational Product Search Based on Negative Feedback.,2019,CIKM,INTERNATIONAL CONFERENCE ON INFORMATION AND KNOWLEDGE MANAGEMENT
Learning to Ask: Question-based Sequential Bayesian Product Search.,2019,CIKM,INTERNATIONAL CONFERENCE ON INFORMATION AND KNOWLEDGE MANAGEMENT
A Zero Attention Model for Personalized Product Search.,2019,CIKM,INTERNATIONAL CONFERENCE ON INFORMATION AND KNOWLEDGE MANAGEMENT
Learning to Generate Personalized Product Descriptions.,2019,CIKM,INTERNATIONAL CONFERENCE ON INFORMATION AND KNOWLEDGE MANAGEMENT
Fast and Accurate Network Embeddings via Very Sparse Random Projection.,2019,CIKM,INTERNATIONAL CONFERENCE ON INFORMATION AND KNOWLEDGE MANAGEMENT
Hierarchical Community Structure Preserving Network Embedding: A Subspace Approach.,2019,CIKM,INTERNATIONAL CONFERENCE ON INFORMATION AND KNOWLEDGE MANAGEMENT
Collective Link Prediction Oriented Network Embedding with Hierarchical Graph Attention.,2019,CIKM,INTERNATIONAL CONFERENCE ON INFORMATION AND KNOWLEDGE MANAGEMENT
Discerning Edge Influence for Network Embedding.,2019,CIKM,INTERNATIONAL CONFERENCE ON INFORMATION AND KNOWLEDGE MANAGEMENT
Constrained Co-embedding Model for User Profiling in Question Answering Communities.,2019,CIKM,INTERNATIONAL CONFERENCE ON INFORMATION AND KNOWLEDGE MANAGEMENT
Hyper-Path-Based Representation Learning for Hyper-Networks.,2019,CIKM,INTERNATIONAL CONFERENCE ON INFORMATION AND KNOWLEDGE MANAGEMENT
Multi-Hot Compact Network Embedding.,2019,CIKM,INTERNATIONAL CONFERENCE ON INFORMATION AND KNOWLEDGE MANAGEMENT
Temporal Network Embedding with Micro- and Macro-dynamics.,2019,CIKM,INTERNATIONAL CONFERENCE ON INFORMATION AND KNOWLEDGE MANAGEMENT
MrMine: Multi-resolution Multi-network Embedding.,2019,CIKM,INTERNATIONAL CONFERENCE ON INFORMATION AND KNOWLEDGE MANAGEMENT
Task-Guided Pair Embedding in Heterogeneous Network.,2019,CIKM,INTERNATIONAL CONFERENCE ON INFORMATION AND KNOWLEDGE MANAGEMENT
Graph Convolutional Networks with Motif-based Attention.,2019,CIKM,INTERNATIONAL CONFERENCE ON INFORMATION AND KNOWLEDGE MANAGEMENT
Long-tail Hashtag Recommendation for Micro-videos with Graph Convolutional Network.,2019,CIKM,INTERNATIONAL CONFERENCE ON INFORMATION AND KNOWLEDGE MANAGEMENT
Hashing Graph Convolution for Node Classification.,2019,CIKM,INTERNATIONAL CONFERENCE ON INFORMATION AND KNOWLEDGE MANAGEMENT
Relation-Aware Graph Convolutional Networks for Agent-Initiated Social E-Commerce Recommendation.,2019,CIKM,INTERNATIONAL CONFERENCE ON INFORMATION AND KNOWLEDGE MANAGEMENT
Fi-GNN: Modeling Feature Interactions via Graph Neural Networks for CTR Prediction.,2019,CIKM,INTERNATIONAL CONFERENCE ON INFORMATION AND KNOWLEDGE MANAGEMENT
Key Player Identification in Underground Forums over Attributed Heterogeneous Information Network Embedding Framework.,2019,CIKM,INTERNATIONAL CONFERENCE ON INFORMATION AND KNOWLEDGE MANAGEMENT
Learning to Identify High Betweenness Centrality Nodes from Scratch: A Novel Graph Neural Network Approach.,2019,CIKM,INTERNATIONAL CONFERENCE ON INFORMATION AND KNOWLEDGE MANAGEMENT
Multiple Rumor Source Detection with Graph Convolutional Networks.,2019,CIKM,INTERNATIONAL CONFERENCE ON INFORMATION AND KNOWLEDGE MANAGEMENT
Rethinking the Item Order in Session-based Recommendation with Graph Neural Networks.,2019,CIKM,INTERNATIONAL CONFERENCE ON INFORMATION AND KNOWLEDGE MANAGEMENT
Gravity-Inspired Graph Autoencoders for Directed Link Prediction.,2019,CIKM,INTERNATIONAL CONFERENCE ON INFORMATION AND KNOWLEDGE MANAGEMENT
Discovering Hypernymy in Text-Rich Heterogeneous Information Network by Exploiting Context Granularity.,2019,CIKM,INTERNATIONAL CONFERENCE ON INFORMATION AND KNOWLEDGE MANAGEMENT
: Enhancing Robustness of Android Malware Detection System against Adversarial Attacks on Heterogeneous Graph based Model.,2019,CIKM,INTERNATIONAL CONFERENCE ON INFORMATION AND KNOWLEDGE MANAGEMENT
BHIN2vec: Balancing the Type of Relation in Heterogeneous Information Network.,2019,CIKM,INTERNATIONAL CONFERENCE ON INFORMATION AND KNOWLEDGE MANAGEMENT
Deep Sequence-to-Sequence Entity Matching for Heterogeneous Entity Resolution.,2019,CIKM,INTERNATIONAL CONFERENCE ON INFORMATION AND KNOWLEDGE MANAGEMENT
HeteSpaceyWalk: A Heterogeneous Spacey Random Walk for Heterogeneous Information Network Embedding.,2019,CIKM,INTERNATIONAL CONFERENCE ON INFORMATION AND KNOWLEDGE MANAGEMENT
EHR Coding with Multi-scale Feature Attention and Structured Knowledge Graph Propagation.,2019,CIKM,INTERNATIONAL CONFERENCE ON INFORMATION AND KNOWLEDGE MANAGEMENT
A Fine-grained and Noise-aware Method for Neural Relation Extraction.,2019,CIKM,INTERNATIONAL CONFERENCE ON INFORMATION AND KNOWLEDGE MANAGEMENT
Learning Region Similarity over Spatial Knowledge Graphs with Hierarchical Types and Semantic Relations.,2019,CIKM,INTERNATIONAL CONFERENCE ON INFORMATION AND KNOWLEDGE MANAGEMENT
Bayes EMbedding (BEM): Refining Representation by Integrating Knowledge Graphs and Behavior-specific Networks.,2019,CIKM,INTERNATIONAL CONFERENCE ON INFORMATION AND KNOWLEDGE MANAGEMENT
A Benchmark for Fact Checking Algorithms Built on Knowledge Bases.,2019,CIKM,INTERNATIONAL CONFERENCE ON INFORMATION AND KNOWLEDGE MANAGEMENT
Online Schemaless Querying of Heterogeneous Open Knowledge Bases.,2019,CIKM,INTERNATIONAL CONFERENCE ON INFORMATION AND KNOWLEDGE MANAGEMENT
Enhancing Conversational Dialogue Models with Grounded Knowledge.,2019,CIKM,INTERNATIONAL CONFERENCE ON INFORMATION AND KNOWLEDGE MANAGEMENT
MedTruth: A Semi-supervised Approach to Discovering Knowledge Condition Information from Multi-Source Medical Data.,2019,CIKM,INTERNATIONAL CONFERENCE ON INFORMATION AND KNOWLEDGE MANAGEMENT
Look before you Hop: Conversational Question Answering over Knowledge Graphs Using Judicious Context Expansion.,2019,CIKM,INTERNATIONAL CONFERENCE ON INFORMATION AND KNOWLEDGE MANAGEMENT
Learning to Answer Complex Questions over Knowledge Bases with Query Composition.,2019,CIKM,INTERNATIONAL CONFERENCE ON INFORMATION AND KNOWLEDGE MANAGEMENT
Auto-completion for Data Cells in Relational Tables.,2019,CIKM,INTERNATIONAL CONFERENCE ON INFORMATION AND KNOWLEDGE MANAGEMENT
Author Set Identification via Quasi-Clique Discovery.,2019,CIKM,INTERNATIONAL CONFERENCE ON INFORMATION AND KNOWLEDGE MANAGEMENT
AdaFair: Cumulative Fairness Adaptive Boosting.,2019,CIKM,INTERNATIONAL CONFERENCE ON INFORMATION AND KNOWLEDGE MANAGEMENT
New Online Kernel Ridge Regression via Incremental Predictive Sampling.,2019,CIKM,INTERNATIONAL CONFERENCE ON INFORMATION AND KNOWLEDGE MANAGEMENT
Online Kernel Selection via Tensor Sketching.,2019,CIKM,INTERNATIONAL CONFERENCE ON INFORMATION AND KNOWLEDGE MANAGEMENT
One-Class Active Learning for Outlier Detection with Multiple Subspaces.,2019,CIKM,INTERNATIONAL CONFERENCE ON INFORMATION AND KNOWLEDGE MANAGEMENT
AutoGRD: Model Recommendation Through Graphical Dataset Representation.,2019,CIKM,INTERNATIONAL CONFERENCE ON INFORMATION AND KNOWLEDGE MANAGEMENT
Batch Mode Active Learning for Semantic Segmentation Based on Multi-Clue Sample Selection.,2019,CIKM,INTERNATIONAL CONFERENCE ON INFORMATION AND KNOWLEDGE MANAGEMENT
CRUX: Adaptive Querying for Efficient Crowdsourced Data Extraction.,2019,CIKM,INTERNATIONAL CONFERENCE ON INFORMATION AND KNOWLEDGE MANAGEMENT
Deep Forest with LRRS Feature for Fine-grained Website Fingerprinting with Encrypted SSL/TLS.,2019,CIKM,INTERNATIONAL CONFERENCE ON INFORMATION AND KNOWLEDGE MANAGEMENT
N2N: Network Derivative Mining.,2019,CIKM,INTERNATIONAL CONFERENCE ON INFORMATION AND KNOWLEDGE MANAGEMENT
MoBoost: A Self-improvement Framework for Linear-based Hashing.,2019,CIKM,INTERNATIONAL CONFERENCE ON INFORMATION AND KNOWLEDGE MANAGEMENT
Loopless Semi-Stochastic Gradient Descent with Less Hard Thresholding for Sparse Learning.,2019,CIKM,INTERNATIONAL CONFERENCE ON INFORMATION AND KNOWLEDGE MANAGEMENT
EPA: Exoneration and Prominence based Age for Infection Source Identification.,2019,CIKM,INTERNATIONAL CONFERENCE ON INFORMATION AND KNOWLEDGE MANAGEMENT
Generating Persuasive Visual Storylines for Promotional Videos.,2019,CIKM,INTERNATIONAL CONFERENCE ON INFORMATION AND KNOWLEDGE MANAGEMENT
Clustering Recurrent and Semantically Cohesive Program Statements in Introductory Programming Assignments.,2019,CIKM,INTERNATIONAL CONFERENCE ON INFORMATION AND KNOWLEDGE MANAGEMENT
: Verified Information Aware Summarization of Crisis-Related Microblogs.,2019,CIKM,INTERNATIONAL CONFERENCE ON INFORMATION AND KNOWLEDGE MANAGEMENT
Declarative User Selection with Soft Constraints.,2019,CIKM,INTERNATIONAL CONFERENCE ON INFORMATION AND KNOWLEDGE MANAGEMENT
#suicidal - A Multipronged Approach to Identify and Explore Suicidal Ideation in Twitter.,2019,CIKM,INTERNATIONAL CONFERENCE ON INFORMATION AND KNOWLEDGE MANAGEMENT
MusicBot: Evaluating Critiquing-Based Music Recommenders with Conversational Interaction.,2019,CIKM,INTERNATIONAL CONFERENCE ON INFORMATION AND KNOWLEDGE MANAGEMENT
Discovering Polarized Communities in Signed Networks.,2019,CIKM,INTERNATIONAL CONFERENCE ON INFORMATION AND KNOWLEDGE MANAGEMENT
Model-based Constrained MDP for Budget Allocation in Sequential Incentive Marketing.,2019,CIKM,INTERNATIONAL CONFERENCE ON INFORMATION AND KNOWLEDGE MANAGEMENT
"Wide-Ranging Review Manipulation Attacks: Model, Empirical Study, and Countermeasures.",2019,CIKM,INTERNATIONAL CONFERENCE ON INFORMATION AND KNOWLEDGE MANAGEMENT
Augment to Prevent: Short-Text Data Augmentation in Deep Learning for Hate-Speech Classification.,2019,CIKM,INTERNATIONAL CONFERENCE ON INFORMATION AND KNOWLEDGE MANAGEMENT
Nested Relation Extraction with Iterative Neural Network.,2019,CIKM,INTERNATIONAL CONFERENCE ON INFORMATION AND KNOWLEDGE MANAGEMENT
"Learning Chinese Word Embeddings from Stroke, Structure and Pinyin of Characters.",2019,CIKM,INTERNATIONAL CONFERENCE ON INFORMATION AND KNOWLEDGE MANAGEMENT
Sentiment Commonsense Induced Sequential Neural Networks for Sentiment Classification.,2019,CIKM,INTERNATIONAL CONFERENCE ON INFORMATION AND KNOWLEDGE MANAGEMENT
Interactive Multi-Grained Joint Model for Targeted Sentiment Analysis.,2019,CIKM,INTERNATIONAL CONFERENCE ON INFORMATION AND KNOWLEDGE MANAGEMENT
Beyond word2vec: Distance-graph Tensor Factorization for Word and Document Embeddings.,2019,CIKM,INTERNATIONAL CONFERENCE ON INFORMATION AND KNOWLEDGE MANAGEMENT
Hierarchical Multi-label Text Classification: An Attention-based Recurrent Network Approach.,2019,CIKM,INTERNATIONAL CONFERENCE ON INFORMATION AND KNOWLEDGE MANAGEMENT
A Semantics Aware Random Forest for Text Classification.,2019,CIKM,INTERNATIONAL CONFERENCE ON INFORMATION AND KNOWLEDGE MANAGEMENT
Federated Topic Modeling.,2019,CIKM,INTERNATIONAL CONFERENCE ON INFORMATION AND KNOWLEDGE MANAGEMENT
Multi-Turn Response Selection in Retrieval-Based Chatbots with Iterated Attentive Convolution Matching Network.,2019,CIKM,INTERNATIONAL CONFERENCE ON INFORMATION AND KNOWLEDGE MANAGEMENT
Sentiment Lexicon Enhanced Neural Sentiment Classification.,2019,CIKM,INTERNATIONAL CONFERENCE ON INFORMATION AND KNOWLEDGE MANAGEMENT
ResumeGAN: An Optimized Deep Representation Learning Framework for Talent-Job Fit via Adversarial Learning.,2019,CIKM,INTERNATIONAL CONFERENCE ON INFORMATION AND KNOWLEDGE MANAGEMENT
Regularizing Deep Neural Networks by Ensemble-based Low-Level Sample-Variances Method.,2019,CIKM,INTERNATIONAL CONFERENCE ON INFORMATION AND KNOWLEDGE MANAGEMENT
Attention-Residual Network with CNN for Rumor Detection.,2019,CIKM,INTERNATIONAL CONFERENCE ON INFORMATION AND KNOWLEDGE MANAGEMENT
Imbalance Rectification in Deep Logistic Regression for Multi-Label Image Classification Using Random Noise Samples.,2019,CIKM,INTERNATIONAL CONFERENCE ON INFORMATION AND KNOWLEDGE MANAGEMENT
CamDrop: A New Explanation of Dropout and A Guided Regularization Method for Deep Neural Networks.,2019,CIKM,INTERNATIONAL CONFERENCE ON INFORMATION AND KNOWLEDGE MANAGEMENT
Dynamic Collaborative Recurrent Learning.,2019,CIKM,INTERNATIONAL CONFERENCE ON INFORMATION AND KNOWLEDGE MANAGEMENT
AutoInt: Automatic Feature Interaction Learning via Self-Attentive Neural Networks.,2019,CIKM,INTERNATIONAL CONFERENCE ON INFORMATION AND KNOWLEDGE MANAGEMENT
Automatic Construction of Multi-layer Perceptron Network from Streaming Examples.,2019,CIKM,INTERNATIONAL CONFERENCE ON INFORMATION AND KNOWLEDGE MANAGEMENT
Robust Embedded Deep K-means Clustering.,2019,CIKM,INTERNATIONAL CONFERENCE ON INFORMATION AND KNOWLEDGE MANAGEMENT
Discovering Interesting Cycles in Directed Graphs.,2019,CIKM,INTERNATIONAL CONFERENCE ON INFORMATION AND KNOWLEDGE MANAGEMENT
FLEET: Butterfly Estimation from a Bipartite Graph Stream.,2019,CIKM,INTERNATIONAL CONFERENCE ON INFORMATION AND KNOWLEDGE MANAGEMENT
Selecting the Optimal Groups: Efficiently Computing Skyline k-Cliques.,2019,CIKM,INTERNATIONAL CONFERENCE ON INFORMATION AND KNOWLEDGE MANAGEMENT
Balance in Signed Bipartite Networks.,2019,CIKM,INTERNATIONAL CONFERENCE ON INFORMATION AND KNOWLEDGE MANAGEMENT
Adaptive Algorithms for Estimating Betweenness and,2019,CIKM,INTERNATIONAL CONFERENCE ON INFORMATION AND KNOWLEDGE MANAGEMENT
-path Centralities.,2019,CIKM,INTERNATIONAL CONFERENCE ON INFORMATION AND KNOWLEDGE MANAGEMENT
Interactive Variance Attention based Online Spoiler Detection for Time-Sync Comments.,2019,CIKM,INTERNATIONAL CONFERENCE ON INFORMATION AND KNOWLEDGE MANAGEMENT
Detecting Malicious Accounts in Online Developer Communities Using Deep Learning.,2019,CIKM,INTERNATIONAL CONFERENCE ON INFORMATION AND KNOWLEDGE MANAGEMENT
Exploring Multi-Objective Exercise Recommendations in Online Education Systems.,2019,CIKM,INTERNATIONAL CONFERENCE ON INFORMATION AND KNOWLEDGE MANAGEMENT
Into the Battlefield: Quantifying and Modeling Intra-community Conflicts in Online Discussion.,2019,CIKM,INTERNATIONAL CONFERENCE ON INFORMATION AND KNOWLEDGE MANAGEMENT
Offline and Online Satisfaction Prediction in Open-Domain Conversational Systems.,2019,CIKM,INTERNATIONAL CONFERENCE ON INFORMATION AND KNOWLEDGE MANAGEMENT
Privacy-Preserving Tensor Factorization for Collaborative Health Data Analysis.,2019,CIKM,INTERNATIONAL CONFERENCE ON INFORMATION AND KNOWLEDGE MANAGEMENT
Achieve Privacy-Preserving Truth Discovery in Crowdsensing Systems.,2019,CIKM,INTERNATIONAL CONFERENCE ON INFORMATION AND KNOWLEDGE MANAGEMENT
Privacy-preserving Crowd-guided AI Decision-making in Ethical Dilemmas.,2019,CIKM,INTERNATIONAL CONFERENCE ON INFORMATION AND KNOWLEDGE MANAGEMENT
Privacy Preserving Approximate K-means Clustering.,2019,CIKM,INTERNATIONAL CONFERENCE ON INFORMATION AND KNOWLEDGE MANAGEMENT
Practical Access Pattern Privacy by Combining PIR and Oblivious Shuffle.,2019,CIKM,INTERNATIONAL CONFERENCE ON INFORMATION AND KNOWLEDGE MANAGEMENT
A Hybrid Retrieval-Generation Neural Conversation Model.,2019,CIKM,INTERNATIONAL CONFERENCE ON INFORMATION AND KNOWLEDGE MANAGEMENT
A Latent-Constrained Variational Neural Dialogue Model for Information-Rich Responses.,2019,CIKM,INTERNATIONAL CONFERENCE ON INFORMATION AND KNOWLEDGE MANAGEMENT
Legal Summarization for Multi-role Debate Dialogue via Controversy Focus Mining and Multi-task Learning.,2019,CIKM,INTERNATIONAL CONFERENCE ON INFORMATION AND KNOWLEDGE MANAGEMENT
ConCET: Entity-Aware Topic Classification for Open-Domain Conversational Agents.,2019,CIKM,INTERNATIONAL CONFERENCE ON INFORMATION AND KNOWLEDGE MANAGEMENT
An Interactive Mechanism to Improve Question Answering Systems via Feedback.,2019,CIKM,INTERNATIONAL CONFERENCE ON INFORMATION AND KNOWLEDGE MANAGEMENT
Attentive History Selection for Conversational Question Answering.,2019,CIKM,INTERNATIONAL CONFERENCE ON INFORMATION AND KNOWLEDGE MANAGEMENT
Emotion-aware Chat Machine: Automatic Emotional Response Generation for Human-like Emotional Interaction.,2019,CIKM,INTERNATIONAL CONFERENCE ON INFORMATION AND KNOWLEDGE MANAGEMENT
Commonsense Properties from Query Logs and Question Answering Forums.,2019,CIKM,INTERNATIONAL CONFERENCE ON INFORMATION AND KNOWLEDGE MANAGEMENT
Adapting Visual Question Answering Models for Enhancing Multimodal Community Q&A Platforms.,2019,CIKM,INTERNATIONAL CONFERENCE ON INFORMATION AND KNOWLEDGE MANAGEMENT
Message Passing for Complex Question Answering over Knowledge Graphs.,2019,CIKM,INTERNATIONAL CONFERENCE ON INFORMATION AND KNOWLEDGE MANAGEMENT
BERT4Rec: Sequential Recommendation with Bidirectional Encoder Representations from Transformer.,2019,CIKM,INTERNATIONAL CONFERENCE ON INFORMATION AND KNOWLEDGE MANAGEMENT
Adaptive Feature Sampling for Recommendation with Missing Content Feature Values.,2019,CIKM,INTERNATIONAL CONFERENCE ON INFORMATION AND KNOWLEDGE MANAGEMENT
A Dynamic Co-attention Network for Session-based Recommendation.,2019,CIKM,INTERNATIONAL CONFERENCE ON INFORMATION AND KNOWLEDGE MANAGEMENT
Attributed Multi-Relational Attention Network for Fact-checking URL Recommendation.,2019,CIKM,INTERNATIONAL CONFERENCE ON INFORMATION AND KNOWLEDGE MANAGEMENT
A Hierarchical Self-Attentive Model for Recommending User-Generated Item Lists.,2019,CIKM,INTERNATIONAL CONFERENCE ON INFORMATION AND KNOWLEDGE MANAGEMENT
HAES: A New Hybrid Approach for Movie Recommendation with Elastic Serendipity.,2019,CIKM,INTERNATIONAL CONFERENCE ON INFORMATION AND KNOWLEDGE MANAGEMENT
DBRec: Dual-Bridging Recommendation via Discovering Latent Groups.,2019,CIKM,INTERNATIONAL CONFERENCE ON INFORMATION AND KNOWLEDGE MANAGEMENT
Candidate Generation with Binary Codes for Large-Scale Top-N Recommendation.,2019,CIKM,INTERNATIONAL CONFERENCE ON INFORMATION AND KNOWLEDGE MANAGEMENT
DTCDR: A Framework for Dual-Target Cross-Domain Recommendation.,2019,CIKM,INTERNATIONAL CONFERENCE ON INFORMATION AND KNOWLEDGE MANAGEMENT
Recommender System Using Sequential and Global Preference via Attention Mechanism and Topic Modeling.,2019,CIKM,INTERNATIONAL CONFERENCE ON INFORMATION AND KNOWLEDGE MANAGEMENT
A Spatio-temporal Recommender System for On-demand Cinemas.,2019,CIKM,INTERNATIONAL CONFERENCE ON INFORMATION AND KNOWLEDGE MANAGEMENT
Semi-Supervised Learning for Cross-Domain Recommendation to Cold-Start Users.,2019,CIKM,INTERNATIONAL CONFERENCE ON INFORMATION AND KNOWLEDGE MANAGEMENT
Leveraging Ratings and Reviews with Gating Mechanism for Recommendation.,2019,CIKM,INTERNATIONAL CONFERENCE ON INFORMATION AND KNOWLEDGE MANAGEMENT
"Instagrammers, Fashionistas, and Me: Recurrent Fashion Recommendation with Implicit Visual Influence.",2019,CIKM,INTERNATIONAL CONFERENCE ON INFORMATION AND KNOWLEDGE MANAGEMENT
What Can History Tell Us?,2019,CIKM,INTERNATIONAL CONFERENCE ON INFORMATION AND KNOWLEDGE MANAGEMENT
Context-Aware Ranking by Constructing a Virtual Environment for Reinforcement Learning.,2019,CIKM,INTERNATIONAL CONFERENCE ON INFORMATION AND KNOWLEDGE MANAGEMENT
A Multi-Scale Temporal Feature Aggregation Convolutional Neural Network for Portfolio Management.,2019,CIKM,INTERNATIONAL CONFERENCE ON INFORMATION AND KNOWLEDGE MANAGEMENT
Order-free Medicine Combination Prediction with Graph Convolutional Reinforcement Learning.,2019,CIKM,INTERNATIONAL CONFERENCE ON INFORMATION AND KNOWLEDGE MANAGEMENT
Reinforcement Learning with Sequential Information Clustering in Real-Time Bidding.,2019,CIKM,INTERNATIONAL CONFERENCE ON INFORMATION AND KNOWLEDGE MANAGEMENT
Generative Question Refinement with Deep Reinforcement Learning in Retrieval-based QA System.,2019,CIKM,INTERNATIONAL CONFERENCE ON INFORMATION AND KNOWLEDGE MANAGEMENT
Analyzing the Effects of Document's Opinion and Credibility on Search Behaviors and Belief Dynamics.,2019,CIKM,INTERNATIONAL CONFERENCE ON INFORMATION AND KNOWLEDGE MANAGEMENT
Identifying Facet Mismatches In Search Via Micrographs.,2019,CIKM,INTERNATIONAL CONFERENCE ON INFORMATION AND KNOWLEDGE MANAGEMENT
GRIP: Multi-Store Capacity-Optimized High-Performance Nearest Neighbor Search for Vector Search Engine.,2019,CIKM,INTERNATIONAL CONFERENCE ON INFORMATION AND KNOWLEDGE MANAGEMENT
Improving Web Image Search with Contextual Information.,2019,CIKM,INTERNATIONAL CONFERENCE ON INFORMATION AND KNOWLEDGE MANAGEMENT
Dynamic Bayesian Metric Learning for Personalized Product Search.,2019,CIKM,INTERNATIONAL CONFERENCE ON INFORMATION AND KNOWLEDGE MANAGEMENT
Towards Accurate and Interpretable Sequential Prediction: A CNN & Attention-Based Feature Extractor.,2019,CIKM,INTERNATIONAL CONFERENCE ON INFORMATION AND KNOWLEDGE MANAGEMENT
Locally Slope-based Dynamic Time Warping for Time Series Classification.,2019,CIKM,INTERNATIONAL CONFERENCE ON INFORMATION AND KNOWLEDGE MANAGEMENT
HiCAN: Hierarchical Convolutional Attention Network for Sequence Modeling.,2019,CIKM,INTERNATIONAL CONFERENCE ON INFORMATION AND KNOWLEDGE MANAGEMENT
Automatic Sequential Pattern Mining in Data Streams.,2019,CIKM,INTERNATIONAL CONFERENCE ON INFORMATION AND KNOWLEDGE MANAGEMENT
Efficient Sequential and Parallel Algorithms for Estimating Higher Order Spectra.,2019,CIKM,INTERNATIONAL CONFERENCE ON INFORMATION AND KNOWLEDGE MANAGEMENT
A Modular Adversarial Approach to Social Recommendation.,2019,CIKM,INTERNATIONAL CONFERENCE ON INFORMATION AND KNOWLEDGE MANAGEMENT
Emotional Contagion-Based Social Sentiment Mining in Social Networks by Introducing Network Communities.,2019,CIKM,INTERNATIONAL CONFERENCE ON INFORMATION AND KNOWLEDGE MANAGEMENT
Social-Aware VR Configuration Recommendation via Multi-Feedback Coupled Tensor Factorization.,2019,CIKM,INTERNATIONAL CONFERENCE ON INFORMATION AND KNOWLEDGE MANAGEMENT
Tracking Top-k Influential Users with Relative Errors.,2019,CIKM,INTERNATIONAL CONFERENCE ON INFORMATION AND KNOWLEDGE MANAGEMENT
: Predicting User Actions in Social Network using Graph Augmented Neural Network.,2019,CIKM,INTERNATIONAL CONFERENCE ON INFORMATION AND KNOWLEDGE MANAGEMENT
In2Rec: Influence-based Interpretable Recommendation.,2019,CIKM,INTERNATIONAL CONFERENCE ON INFORMATION AND KNOWLEDGE MANAGEMENT
Accounting for Temporal Dynamics in Document Streams.,2019,CIKM,INTERNATIONAL CONFERENCE ON INFORMATION AND KNOWLEDGE MANAGEMENT
How Does BERT Answer Questions?: A Layer-Wise Analysis of Transformer Representations.,2019,CIKM,INTERNATIONAL CONFERENCE ON INFORMATION AND KNOWLEDGE MANAGEMENT
Patterns of Search Result Examination: Query to First Action.,2019,CIKM,INTERNATIONAL CONFERENCE ON INFORMATION AND KNOWLEDGE MANAGEMENT
A Dynamic Product-aware Learning Model for E-commerce Query Intent Understanding.,2019,CIKM,INTERNATIONAL CONFERENCE ON INFORMATION AND KNOWLEDGE MANAGEMENT
Scalable Causal Graph Learning through a Deep Neural Network.,2019,CIKM,INTERNATIONAL CONFERENCE ON INFORMATION AND KNOWLEDGE MANAGEMENT
Interpretable Multiple-Kernel Prototype Learning for Discriminative Representation and Feature Selection.,2019,CIKM,INTERNATIONAL CONFERENCE ON INFORMATION AND KNOWLEDGE MANAGEMENT
BePT: A Behavior-based Process Translator for Interpreting and Understanding Process Models.,2019,CIKM,INTERNATIONAL CONFERENCE ON INFORMATION AND KNOWLEDGE MANAGEMENT
Towards Effective and Interpretable Person-Job Fitting.,2019,CIKM,INTERNATIONAL CONFERENCE ON INFORMATION AND KNOWLEDGE MANAGEMENT
Leveraging Graph Neighborhoods for Efficient Inference.,2019,CIKM,INTERNATIONAL CONFERENCE ON INFORMATION AND KNOWLEDGE MANAGEMENT
STAR: Spatio-Temporal Taxonomy-Aware Tag Recommendation for Citizen Complaints.,2019,CIKM,INTERNATIONAL CONFERENCE ON INFORMATION AND KNOWLEDGE MANAGEMENT
CoLight: Learning Network-level Cooperation for Traffic Signal Control.,2019,CIKM,INTERNATIONAL CONFERENCE ON INFORMATION AND KNOWLEDGE MANAGEMENT
Learning to Effectively Estimate the Travel Time for Fastest Route Recommendation.,2019,CIKM,INTERNATIONAL CONFERENCE ON INFORMATION AND KNOWLEDGE MANAGEMENT
PRNet: Outdoor Position Recovery for Heterogenous Telco Data by Deep Neural Network.,2019,CIKM,INTERNATIONAL CONFERENCE ON INFORMATION AND KNOWLEDGE MANAGEMENT
Active Collaborative Sensing for Energy Breakdown.,2019,CIKM,INTERNATIONAL CONFERENCE ON INFORMATION AND KNOWLEDGE MANAGEMENT
Forecasting Pavement Performance with a Feature Fusion LSTM-BPNN Model.,2019,CIKM,INTERNATIONAL CONFERENCE ON INFORMATION AND KNOWLEDGE MANAGEMENT
Learning Phase Competition for Traffic Signal Control.,2019,CIKM,INTERNATIONAL CONFERENCE ON INFORMATION AND KNOWLEDGE MANAGEMENT
Path Travel Time Estimation using Attribute-related Hybrid Trajectories Network.,2019,CIKM,INTERNATIONAL CONFERENCE ON INFORMATION AND KNOWLEDGE MANAGEMENT
CoRide: Joint Order Dispatching and Fleet Management for Multi-Scale Ride-Hailing Platforms.,2019,CIKM,INTERNATIONAL CONFERENCE ON INFORMATION AND KNOWLEDGE MANAGEMENT
Unsupervised Representation Learning of Spatial Data via Multimodal Embedding.,2019,CIKM,INTERNATIONAL CONFERENCE ON INFORMATION AND KNOWLEDGE MANAGEMENT
Rating Mechanisms for Sustainability of Crowdsourcing Platforms.,2019,CIKM,INTERNATIONAL CONFERENCE ON INFORMATION AND KNOWLEDGE MANAGEMENT
Exploring The Interaction Effects for Temporal Spatial Behavior Prediction.,2019,CIKM,INTERNATIONAL CONFERENCE ON INFORMATION AND KNOWLEDGE MANAGEMENT
Social Cards Probably Provide For Better Understanding Of Web Archive Collections.,2019,CIKM,INTERNATIONAL CONFERENCE ON INFORMATION AND KNOWLEDGE MANAGEMENT
Learning from Dynamic User Interaction Graphs to Forecast Diverse Social Behavior.,2019,CIKM,INTERNATIONAL CONFERENCE ON INFORMATION AND KNOWLEDGE MANAGEMENT
Understanding Default Behavior in Online Lending.,2019,CIKM,INTERNATIONAL CONFERENCE ON INFORMATION AND KNOWLEDGE MANAGEMENT
Interpretable MTL from Heterogeneous Domains using Boosted Tree.,2019,CIKM,INTERNATIONAL CONFERENCE ON INFORMATION AND KNOWLEDGE MANAGEMENT
Machine Reading Comprehension: Matching and Orders.,2019,CIKM,INTERNATIONAL CONFERENCE ON INFORMATION AND KNOWLEDGE MANAGEMENT
Aspect and Opinion Aware Abstractive Review Summarization with Reinforced Hard Typed Decoder.,2019,CIKM,INTERNATIONAL CONFERENCE ON INFORMATION AND KNOWLEDGE MANAGEMENT
Datalog Reasoning over Compressed RDF Knowledge Bases.,2019,CIKM,INTERNATIONAL CONFERENCE ON INFORMATION AND KNOWLEDGE MANAGEMENT
An Explainable Deep Fusion Network for Affect Recognition Using Physiological Signals.,2019,CIKM,INTERNATIONAL CONFERENCE ON INFORMATION AND KNOWLEDGE MANAGEMENT
MarlRank: Multi-agent Reinforced Learning to Rank.,2019,CIKM,INTERNATIONAL CONFERENCE ON INFORMATION AND KNOWLEDGE MANAGEMENT
LinkRadar: Assisting the Analysis of Inter-app Page Links via Transfer Learning.,2019,CIKM,INTERNATIONAL CONFERENCE ON INFORMATION AND KNOWLEDGE MANAGEMENT
NAD: Neural Network Aided Design for Textile Pattern Generation.,2019,CIKM,INTERNATIONAL CONFERENCE ON INFORMATION AND KNOWLEDGE MANAGEMENT
Feature Selection for Facebook Feed Ranking System via a Group-Sparsity-Regularized Training Algorithm.,2019,CIKM,INTERNATIONAL CONFERENCE ON INFORMATION AND KNOWLEDGE MANAGEMENT
Fine-Grained Geolocalization of User-Generated Short Text based on Weight Probability Model.,2019,CIKM,INTERNATIONAL CONFERENCE ON INFORMATION AND KNOWLEDGE MANAGEMENT
A Compare-Aggregate Model with Latent Clustering for Answer Selection.,2019,CIKM,INTERNATIONAL CONFERENCE ON INFORMATION AND KNOWLEDGE MANAGEMENT
Spotting Terrorists by Learning Behavior-aware Heterogeneous Network Embedding.,2019,CIKM,INTERNATIONAL CONFERENCE ON INFORMATION AND KNOWLEDGE MANAGEMENT
Scalable Manifold-Regularized Attributed Network Embedding via Maximum Mean Discrepancy.,2019,CIKM,INTERNATIONAL CONFERENCE ON INFORMATION AND KNOWLEDGE MANAGEMENT
Tensor Decomposition-based Node Embedding.,2019,CIKM,INTERNATIONAL CONFERENCE ON INFORMATION AND KNOWLEDGE MANAGEMENT
Geometric Estimation of Specificity within Embedding Spaces.,2019,CIKM,INTERNATIONAL CONFERENCE ON INFORMATION AND KNOWLEDGE MANAGEMENT
Similarity-Aware Network Embedding with Self-Paced Learning.,2019,CIKM,INTERNATIONAL CONFERENCE ON INFORMATION AND KNOWLEDGE MANAGEMENT
Integrating Multi-Network Topology via Deep Semi-supervised Node Embedding.,2019,CIKM,INTERNATIONAL CONFERENCE ON INFORMATION AND KNOWLEDGE MANAGEMENT
Query-Specific Knowledge Summarization with Entity Evolutionary Networks.,2019,CIKM,INTERNATIONAL CONFERENCE ON INFORMATION AND KNOWLEDGE MANAGEMENT
Real-time Edge Repartitioning for Dynamic Graph.,2019,CIKM,INTERNATIONAL CONFERENCE ON INFORMATION AND KNOWLEDGE MANAGEMENT
DSANet: Dual Self-Attention Network for Multivariate Time Series Forecasting.,2019,CIKM,INTERNATIONAL CONFERENCE ON INFORMATION AND KNOWLEDGE MANAGEMENT
Time Series Prediction with Interpretable Data Reconstruction.,2019,CIKM,INTERNATIONAL CONFERENCE ON INFORMATION AND KNOWLEDGE MANAGEMENT
Towards Explainable Representation of Time-Evolving Graphs via Spatial-Temporal Graph Attention Networks.,2019,CIKM,INTERNATIONAL CONFERENCE ON INFORMATION AND KNOWLEDGE MANAGEMENT
Deep Prototypical Networks for Imbalanced Time Series Classification under Data Scarcity.,2019,CIKM,INTERNATIONAL CONFERENCE ON INFORMATION AND KNOWLEDGE MANAGEMENT
Knowledge-aware Textual Entailment with Graph Attention Network.,2019,CIKM,INTERNATIONAL CONFERENCE ON INFORMATION AND KNOWLEDGE MANAGEMENT
Fast Approximations of Betweenness Centrality with Graph Neural Networks.,2019,CIKM,INTERNATIONAL CONFERENCE ON INFORMATION AND KNOWLEDGE MANAGEMENT
Neighborhood Interaction Attention Network for Link Prediction.,2019,CIKM,INTERNATIONAL CONFERENCE ON INFORMATION AND KNOWLEDGE MANAGEMENT
Long-short Distance Aggregation Networks for Positive Unlabeled Graph Learning.,2019,CIKM,INTERNATIONAL CONFERENCE ON INFORMATION AND KNOWLEDGE MANAGEMENT
Using External Knowledge for Financial Event Prediction Based on Graph Neural Networks.,2019,CIKM,INTERNATIONAL CONFERENCE ON INFORMATION AND KNOWLEDGE MANAGEMENT
Cross-Domain Recommendation via Preference Propagation GraphNet.,2019,CIKM,INTERNATIONAL CONFERENCE ON INFORMATION AND KNOWLEDGE MANAGEMENT
ARP: Aspect-aware Neural Review Rating Prediction.,2019,CIKM,INTERNATIONAL CONFERENCE ON INFORMATION AND KNOWLEDGE MANAGEMENT
CosRec: 2D Convolutional Neural Networks for Sequential Recommendation.,2019,CIKM,INTERNATIONAL CONFERENCE ON INFORMATION AND KNOWLEDGE MANAGEMENT
Data Poisoning Attacks on Cross-domain Recommendation.,2019,CIKM,INTERNATIONAL CONFERENCE ON INFORMATION AND KNOWLEDGE MANAGEMENT
Session-based Recommendation with Hierarchical Memory Networks.,2019,CIKM,INTERNATIONAL CONFERENCE ON INFORMATION AND KNOWLEDGE MANAGEMENT
Correcting for Recency Bias in Job Recommendation.,2019,CIKM,INTERNATIONAL CONFERENCE ON INFORMATION AND KNOWLEDGE MANAGEMENT
Motif Enhanced Recommendation over Heterogeneous Information Network.,2019,CIKM,INTERNATIONAL CONFERENCE ON INFORMATION AND KNOWLEDGE MANAGEMENT
GPU-Accelerated Decoding of Integer Lists.,2019,CIKM,INTERNATIONAL CONFERENCE ON INFORMATION AND KNOWLEDGE MANAGEMENT
Synergizing Local and Global Models for Matrix Approximation.,2019,CIKM,INTERNATIONAL CONFERENCE ON INFORMATION AND KNOWLEDGE MANAGEMENT
Deep Colorization by Variation.,2019,CIKM,INTERNATIONAL CONFERENCE ON INFORMATION AND KNOWLEDGE MANAGEMENT
Fast Random Forest Algorithm via Incremental Upper Bound.,2019,CIKM,INTERNATIONAL CONFERENCE ON INFORMATION AND KNOWLEDGE MANAGEMENT
Convolution-Consistent Collective Matrix Completion.,2019,CIKM,INTERNATIONAL CONFERENCE ON INFORMATION AND KNOWLEDGE MANAGEMENT
Faster Algorithms for,2019,CIKM,INTERNATIONAL CONFERENCE ON INFORMATION AND KNOWLEDGE MANAGEMENT
-Regret Minimizing Sets via Monotonicity and Sampling.,2019,CIKM,INTERNATIONAL CONFERENCE ON INFORMATION AND KNOWLEDGE MANAGEMENT
Towards Stochastic Simulations of Relevance Profiles.,2019,CIKM,INTERNATIONAL CONFERENCE ON INFORMATION AND KNOWLEDGE MANAGEMENT
SpecAE: Spectral AutoEncoder for Anomaly Detection in Attributed Networks.,2019,CIKM,INTERNATIONAL CONFERENCE ON INFORMATION AND KNOWLEDGE MANAGEMENT
On Continuously Matching of Evolving Graph Patterns.,2019,CIKM,INTERNATIONAL CONFERENCE ON INFORMATION AND KNOWLEDGE MANAGEMENT
Time-Series Aware Precision and Recall for Anomaly Detection: Considering Variety of Detection Result and Addressing Ambiguous Labeling.,2019,CIKM,INTERNATIONAL CONFERENCE ON INFORMATION AND KNOWLEDGE MANAGEMENT
Additive Explanations for Anomalies Detected from Multivariate Temporal Data.,2019,CIKM,INTERNATIONAL CONFERENCE ON INFORMATION AND KNOWLEDGE MANAGEMENT
ED2: A Case for Active Learning in Error Detection.,2019,CIKM,INTERNATIONAL CONFERENCE ON INFORMATION AND KNOWLEDGE MANAGEMENT
Multi-scale Trajectory Clustering to Identify Corridors in Mobile Networks.,2019,CIKM,INTERNATIONAL CONFERENCE ON INFORMATION AND KNOWLEDGE MANAGEMENT
Multi-view Moments Embedding Network for 3D Shape Recognition.,2019,CIKM,INTERNATIONAL CONFERENCE ON INFORMATION AND KNOWLEDGE MANAGEMENT
Active Entity Recognition in Low Resource Settings.,2019,CIKM,INTERNATIONAL CONFERENCE ON INFORMATION AND KNOWLEDGE MANAGEMENT
On Novel Object Recognition: A Unified Framework for Discriminability and Adaptability.,2019,CIKM,INTERNATIONAL CONFERENCE ON INFORMATION AND KNOWLEDGE MANAGEMENT
Exploiting Multiple Embeddings for Chinese Named Entity Recognition.,2019,CIKM,INTERNATIONAL CONFERENCE ON INFORMATION AND KNOWLEDGE MANAGEMENT
Gate-based Bidirectional Interactive Decoding Network for Scene Text Recognition.,2019,CIKM,INTERNATIONAL CONFERENCE ON INFORMATION AND KNOWLEDGE MANAGEMENT
Modeling Long-Range Context for Concurrent Dialogue Acts Recognition.,2019,CIKM,INTERNATIONAL CONFERENCE ON INFORMATION AND KNOWLEDGE MANAGEMENT
Labelling for Venue Visit Detection by Matching Wi-Fi Hotspots with Businesses.,2019,CIKM,INTERNATIONAL CONFERENCE ON INFORMATION AND KNOWLEDGE MANAGEMENT
Heterogeneous Components Fusion Network for Load Forecasting of Charging Stations.,2019,CIKM,INTERNATIONAL CONFERENCE ON INFORMATION AND KNOWLEDGE MANAGEMENT
Learning Traffic Signal Control from Demonstrations.,2019,CIKM,INTERNATIONAL CONFERENCE ON INFORMATION AND KNOWLEDGE MANAGEMENT
Spatio-Temporal Graph Convolutional and Recurrent Networks for Citywide Passenger Demand Prediction.,2019,CIKM,INTERNATIONAL CONFERENCE ON INFORMATION AND KNOWLEDGE MANAGEMENT
Collaborative Analysis for Computational Risk in Urban Water Supply Systems.,2019,CIKM,INTERNATIONAL CONFERENCE ON INFORMATION AND KNOWLEDGE MANAGEMENT
Long- and Short-term Preference Learning for Next POI Recommendation.,2019,CIKM,INTERNATIONAL CONFERENCE ON INFORMATION AND KNOWLEDGE MANAGEMENT
Cluster-Based Focused Retrieval.,2019,CIKM,INTERNATIONAL CONFERENCE ON INFORMATION AND KNOWLEDGE MANAGEMENT
Cross-modal Image-Text Retrieval with Multitask Learning.,2019,CIKM,INTERNATIONAL CONFERENCE ON INFORMATION AND KNOWLEDGE MANAGEMENT
A Unified Generation-Retrieval Framework for Image Captioning.,2019,CIKM,INTERNATIONAL CONFERENCE ON INFORMATION AND KNOWLEDGE MANAGEMENT
A Lossy Compression Method on Positional Index for Efficient and Effective Retrieval.,2019,CIKM,INTERNATIONAL CONFERENCE ON INFORMATION AND KNOWLEDGE MANAGEMENT
Interactive Matching Network for Multi-Turn Response Selection in Retrieval-Based Chatbots.,2019,CIKM,INTERNATIONAL CONFERENCE ON INFORMATION AND KNOWLEDGE MANAGEMENT
Analysis of Adaptive Training for Learning to Rank in Information Retrieval.,2019,CIKM,INTERNATIONAL CONFERENCE ON INFORMATION AND KNOWLEDGE MANAGEMENT
QPIN: A Quantum-inspired Preference Interactive Network for E-commerce Recommendation.,2019,CIKM,INTERNATIONAL CONFERENCE ON INFORMATION AND KNOWLEDGE MANAGEMENT
A Study of Context Dependencies in Multi-page Product Search.,2019,CIKM,INTERNATIONAL CONFERENCE ON INFORMATION AND KNOWLEDGE MANAGEMENT
Query-bag Matching with Mutual Coverage for Information-seeking Conversations in E-commerce.,2019,CIKM,INTERNATIONAL CONFERENCE ON INFORMATION AND KNOWLEDGE MANAGEMENT
Neural Review Rating Prediction with User and Product Memory.,2019,CIKM,INTERNATIONAL CONFERENCE ON INFORMATION AND KNOWLEDGE MANAGEMENT
Intent Term Weighting in E-commerce Queries.,2019,CIKM,INTERNATIONAL CONFERENCE ON INFORMATION AND KNOWLEDGE MANAGEMENT
Fine-Grained Product Categorization in E-commerce.,2019,CIKM,INTERNATIONAL CONFERENCE ON INFORMATION AND KNOWLEDGE MANAGEMENT
Large Margin Prototypical Network for Few-shot Relation Classification with Fine-grained Features.,2019,CIKM,INTERNATIONAL CONFERENCE ON INFORMATION AND KNOWLEDGE MANAGEMENT
Meta-GNN: On Few-shot Node Classification in Graph Meta-learning.,2019,CIKM,INTERNATIONAL CONFERENCE ON INFORMATION AND KNOWLEDGE MANAGEMENT
Enriching Pre-trained Language Model with Entity Information for Relation Classification.,2019,CIKM,INTERNATIONAL CONFERENCE ON INFORMATION AND KNOWLEDGE MANAGEMENT
Unsupervised Concept Drift Detection with a Discriminative Classifier.,2019,CIKM,INTERNATIONAL CONFERENCE ON INFORMATION AND KNOWLEDGE MANAGEMENT
Hybrid Deep Pairwise Classification for Author Name Disambiguation.,2019,CIKM,INTERNATIONAL CONFERENCE ON INFORMATION AND KNOWLEDGE MANAGEMENT
Approximate Definitional Constructs as Lightweight Evidence for Detecting Classes Among Wikipedia Articles.,2019,CIKM,INTERNATIONAL CONFERENCE ON INFORMATION AND KNOWLEDGE MANAGEMENT
"Towards the Gradient Vanishing, Divergence Mismatching and Mode Collapse of Generative Adversarial Nets.",2019,CIKM,INTERNATIONAL CONFERENCE ON INFORMATION AND KNOWLEDGE MANAGEMENT
Generating Paraphrase with Topic as Prior Knowledge.,2019,CIKM,INTERNATIONAL CONFERENCE ON INFORMATION AND KNOWLEDGE MANAGEMENT
Sexual Harassment Story Classification and Key Information Identification.,2019,CIKM,INTERNATIONAL CONFERENCE ON INFORMATION AND KNOWLEDGE MANAGEMENT
Neural Review Summarization Leveraging User and Product Information.,2019,CIKM,INTERNATIONAL CONFERENCE ON INFORMATION AND KNOWLEDGE MANAGEMENT
Incorporating Relation Knowledge into Commonsense Reading Comprehension with Multi-task Learning.,2019,CIKM,INTERNATIONAL CONFERENCE ON INFORMATION AND KNOWLEDGE MANAGEMENT
DIRT: Deep Learning Enhanced Item Response Theory for Cognitive Diagnosis.,2019,CIKM,INTERNATIONAL CONFERENCE ON INFORMATION AND KNOWLEDGE MANAGEMENT
Neural Gender Prediction in Microblogging with Emotion-aware User Representation.,2019,CIKM,INTERNATIONAL CONFERENCE ON INFORMATION AND KNOWLEDGE MANAGEMENT
Health Card Retrieval for Consumer Health Search: An Empirical Investigation of Methods.,2019,CIKM,INTERNATIONAL CONFERENCE ON INFORMATION AND KNOWLEDGE MANAGEMENT
NICE: Neural In-Hospital Cost Estimation from Medical Records.,2019,CIKM,INTERNATIONAL CONFERENCE ON INFORMATION AND KNOWLEDGE MANAGEMENT
Modeling Sentiment Evolution for Social Incidents.,2019,CIKM,INTERNATIONAL CONFERENCE ON INFORMATION AND KNOWLEDGE MANAGEMENT
Adaptive Feature Redundancy Minimization.,2019,CIKM,INTERNATIONAL CONFERENCE ON INFORMATION AND KNOWLEDGE MANAGEMENT
Finding a Maximum Clique in Dense Graphs via Ï‡2 Statistics.,2019,CIKM,INTERNATIONAL CONFERENCE ON INFORMATION AND KNOWLEDGE MANAGEMENT
On Heavy-user Bias in A/B Testing.,2019,CIKM,INTERNATIONAL CONFERENCE ON INFORMATION AND KNOWLEDGE MANAGEMENT
Adversarial Training of Gradient-Boosted Decision Trees.,2019,CIKM,INTERNATIONAL CONFERENCE ON INFORMATION AND KNOWLEDGE MANAGEMENT
Adversarial Structured Neural Network Pruning.,2019,CIKM,INTERNATIONAL CONFERENCE ON INFORMATION AND KNOWLEDGE MANAGEMENT
Ontology-Mediated Queries over Probabilistic Data via Probabilistic Logic Programming.,2019,CIKM,INTERNATIONAL CONFERENCE ON INFORMATION AND KNOWLEDGE MANAGEMENT
Query Embedding Learning for Context-based Social Search.,2019,CIKM,INTERNATIONAL CONFERENCE ON INFORMATION AND KNOWLEDGE MANAGEMENT
Towards More Usable Dataset Search: From Query Characterization to Snippet Generation.,2019,CIKM,INTERNATIONAL CONFERENCE ON INFORMATION AND KNOWLEDGE MANAGEMENT
Session-based Search Behavior in Naturalistic Settings for Learning-related Tasks.,2019,CIKM,INTERNATIONAL CONFERENCE ON INFORMATION AND KNOWLEDGE MANAGEMENT
Best Co-Located Community Search in Attributed Networks.,2019,CIKM,INTERNATIONAL CONFERENCE ON INFORMATION AND KNOWLEDGE MANAGEMENT
Caching Scores for Faster Query Processing with Dynamic Pruning in Search Engines.,2019,CIKM,INTERNATIONAL CONFERENCE ON INFORMATION AND KNOWLEDGE MANAGEMENT
Investigating the Learning Process in Job Search: A Longitudinal Study.,2019,CIKM,INTERNATIONAL CONFERENCE ON INFORMATION AND KNOWLEDGE MANAGEMENT
Set Reconciliation with Cuckoo Filters.,2019,CIKM,INTERNATIONAL CONFERENCE ON INFORMATION AND KNOWLEDGE MANAGEMENT
Shared-Nothing Distributed Enumeration of 2-Plexes.,2019,CIKM,INTERNATIONAL CONFERENCE ON INFORMATION AND KNOWLEDGE MANAGEMENT
Estimating the Number of Distinct Items in a Database by Sampling.,2019,CIKM,INTERNATIONAL CONFERENCE ON INFORMATION AND KNOWLEDGE MANAGEMENT
Cost-effective Resource Provisioning for Spark Workloads.,2019,CIKM,INTERNATIONAL CONFERENCE ON INFORMATION AND KNOWLEDGE MANAGEMENT
A Sampling-Based System for Approximate Big Data Analysis on Computing Clusters.,2019,CIKM,INTERNATIONAL CONFERENCE ON INFORMATION AND KNOWLEDGE MANAGEMENT
TianGong-ST: A New Dataset with Large-scale Refined Real-world Web Search Sessions.,2019,CIKM,INTERNATIONAL CONFERENCE ON INFORMATION AND KNOWLEDGE MANAGEMENT
Virtual ID Discovery from E-commerce Media at Alibaba: Exploiting Richness of User Click Behavior for Visual Search Relevance.,2019,CIKM,INTERNATIONAL CONFERENCE ON INFORMATION AND KNOWLEDGE MANAGEMENT
Autor3:,2019,CIKM,INTERNATIONAL CONFERENCE ON INFORMATION AND KNOWLEDGE MANAGEMENT
tomated,2019,CIKM,INTERNATIONAL CONFERENCE ON INFORMATION AND KNOWLEDGE MANAGEMENT
eal-time,2019,CIKM,INTERNATIONAL CONFERENCE ON INFORMATION AND KNOWLEDGE MANAGEMENT
anking with,2019,CIKM,INTERNATIONAL CONFERENCE ON INFORMATION AND KNOWLEDGE MANAGEMENT
einforcement Learning in E-commerce Sponsored Search Advertising.,2019,CIKM,INTERNATIONAL CONFERENCE ON INFORMATION AND KNOWLEDGE MANAGEMENT
Cross-domain Attention Network with Wasserstein Regularizers for E-commerce Search.,2019,CIKM,INTERNATIONAL CONFERENCE ON INFORMATION AND KNOWLEDGE MANAGEMENT
Conceptualize and Infer User Needs in E-commerce.,2019,CIKM,INTERNATIONAL CONFERENCE ON INFORMATION AND KNOWLEDGE MANAGEMENT
Learning to Advertise for Organic Traffic Maximization in E-Commerce Product Feeds.,2019,CIKM,INTERNATIONAL CONFERENCE ON INFORMATION AND KNOWLEDGE MANAGEMENT
System Deterioration Detection and Root Cause Learning on Time Series Graphs.,2019,CIKM,INTERNATIONAL CONFERENCE ON INFORMATION AND KNOWLEDGE MANAGEMENT
A Dynamic Default Prediction Framework for Networked-guarantee Loans.,2019,CIKM,INTERNATIONAL CONFERENCE ON INFORMATION AND KNOWLEDGE MANAGEMENT
Feature Enhancement via User Similarities Networks for Improved Click Prediction in Yahoo Gemini Native.,2019,CIKM,INTERNATIONAL CONFERENCE ON INFORMATION AND KNOWLEDGE MANAGEMENT
Large-Scale Visual Search with Binary Distributed Graph at Alibaba.,2019,CIKM,INTERNATIONAL CONFERENCE ON INFORMATION AND KNOWLEDGE MANAGEMENT
Graph Representation Learning for Merchant Incentive Optimization in Mobile Payment Marketing.,2019,CIKM,INTERNATIONAL CONFERENCE ON INFORMATION AND KNOWLEDGE MANAGEMENT
Query-based Interactive Recommendation by Meta-Path and Adapted Attention-GRU.,2019,CIKM,INTERNATIONAL CONFERENCE ON INFORMATION AND KNOWLEDGE MANAGEMENT
Learning Adaptive Display Exposure for Real-Time Advertising.,2019,CIKM,INTERNATIONAL CONFERENCE ON INFORMATION AND KNOWLEDGE MANAGEMENT
What You Look Matters?: Offline Evaluation of Advertising Creatives for Cold-start Problem.,2019,CIKM,INTERNATIONAL CONFERENCE ON INFORMATION AND KNOWLEDGE MANAGEMENT
Multi-Interest Network with Dynamic Routing for Recommendation at Tmall.,2019,CIKM,INTERNATIONAL CONFERENCE ON INFORMATION AND KNOWLEDGE MANAGEMENT
Learning to be Relevant: Evolution of a Course Recommendation System.,2019,CIKM,INTERNATIONAL CONFERENCE ON INFORMATION AND KNOWLEDGE MANAGEMENT
SDM: Sequential Deep Matching Model for Online Large-scale Recommender System.,2019,CIKM,INTERNATIONAL CONFERENCE ON INFORMATION AND KNOWLEDGE MANAGEMENT
Multi-Agent Reinforcement Learning for Order-dispatching via Order-Vehicle Distribution Matching.,2019,CIKM,INTERNATIONAL CONFERENCE ON INFORMATION AND KNOWLEDGE MANAGEMENT
MONOPOLY: Learning to Price Public Facilities for Revaluing Private Properties with Large-Scale Urban Data.,2019,CIKM,INTERNATIONAL CONFERENCE ON INFORMATION AND KNOWLEDGE MANAGEMENT
CityTraffic: Modeling Citywide Traffic via Neural Memorization and Generalization Approach.,2019,CIKM,INTERNATIONAL CONFERENCE ON INFORMATION AND KNOWLEDGE MANAGEMENT
Deep Dynamic Fusion Network for Traffic Accident Forecasting.,2019,CIKM,INTERNATIONAL CONFERENCE ON INFORMATION AND KNOWLEDGE MANAGEMENT
Matrix Factorization for Spatio-Temporal Neural Networks with Applications to Urban Flow Prediction.,2019,CIKM,INTERNATIONAL CONFERENCE ON INFORMATION AND KNOWLEDGE MANAGEMENT
Semantically Driven Auto-completion.,2019,CIKM,INTERNATIONAL CONFERENCE ON INFORMATION AND KNOWLEDGE MANAGEMENT
Spam Review Detection with Graph Convolutional Networks.,2019,CIKM,INTERNATIONAL CONFERENCE ON INFORMATION AND KNOWLEDGE MANAGEMENT
Industry Specific Word Embedding and its Application in Log Classification.,2019,CIKM,INTERNATIONAL CONFERENCE ON INFORMATION AND KNOWLEDGE MANAGEMENT
Document-Level Multi-Aspect Sentiment Classification for Online Reviews of Medical Experts.,2019,CIKM,INTERNATIONAL CONFERENCE ON INFORMATION AND KNOWLEDGE MANAGEMENT
Deep Learning for Blast Furnaces: Skip-Dense Layers Deep Learning Model to Predict the Remaining Time to Close Tap-holes for Blast Furnaces.,2019,CIKM,INTERNATIONAL CONFERENCE ON INFORMATION AND KNOWLEDGE MANAGEMENT
Deep Graph Similarity Learning for Brain Data Analysis.,2019,CIKM,INTERNATIONAL CONFERENCE ON INFORMATION AND KNOWLEDGE MANAGEMENT
How to Find It Better?: Cross-Learning for WeChat Mini Programs.,2019,CIKM,INTERNATIONAL CONFERENCE ON INFORMATION AND KNOWLEDGE MANAGEMENT
Job2Vec: Job Title Benchmarking with Collective Multi-View Representation Learning.,2019,CIKM,INTERNATIONAL CONFERENCE ON INFORMATION AND KNOWLEDGE MANAGEMENT
Learning to Predict Human Stress Level with Incomplete Sensor Data from Wearable Devices.,2019,CIKM,INTERNATIONAL CONFERENCE ON INFORMATION AND KNOWLEDGE MANAGEMENT
Fine-Grained Fuel Consumption Prediction.,2019,CIKM,INTERNATIONAL CONFERENCE ON INFORMATION AND KNOWLEDGE MANAGEMENT
Soft Frequency Capping for Improved Ad Click Prediction in Yahoo Gemini Native.,2019,CIKM,INTERNATIONAL CONFERENCE ON INFORMATION AND KNOWLEDGE MANAGEMENT
Adversarial Factorization Autoencoder for Look-alike Modeling.,2019,CIKM,INTERNATIONAL CONFERENCE ON INFORMATION AND KNOWLEDGE MANAGEMENT
Concept Drift Adaption for Online Anomaly Detection in Structural Health Monitoring.,2019,CIKM,INTERNATIONAL CONFERENCE ON INFORMATION AND KNOWLEDGE MANAGEMENT
Multi-task based Sales Predictions for Online Promotions.,2019,CIKM,INTERNATIONAL CONFERENCE ON INFORMATION AND KNOWLEDGE MANAGEMENT
Experimental Study of Multivariate Time Series Forecasting Models.,2019,CIKM,INTERNATIONAL CONFERENCE ON INFORMATION AND KNOWLEDGE MANAGEMENT
GMTL: A GART Based Multi-task Learning Model for Multi-Social-Temporal Prediction in Online Games.,2019,CIKM,INTERNATIONAL CONFERENCE ON INFORMATION AND KNOWLEDGE MANAGEMENT
"Learning Compositional, Visual and Relational Representations for CTR Prediction in Sponsored Search.",2019,CIKM,INTERNATIONAL CONFERENCE ON INFORMATION AND KNOWLEDGE MANAGEMENT
Inspect What Your Location History Reveals About You: Raising user awareness on privacy threats associated with disclosing his location data.,2019,CIKM,INTERNATIONAL CONFERENCE ON INFORMATION AND KNOWLEDGE MANAGEMENT
PODIUM: Probabilistic Datalog Analysis via Contribution Maximization.,2019,CIKM,INTERNATIONAL CONFERENCE ON INFORMATION AND KNOWLEDGE MANAGEMENT
Document in Context of its Time (DICT): Providing Temporal Context to Support Analysis of Past Documents.,2019,CIKM,INTERNATIONAL CONFERENCE ON INFORMATION AND KNOWLEDGE MANAGEMENT
ATENA: An Autonomous System for Data Exploration Based on Deep Reinforcement Learning.,2019,CIKM,INTERNATIONAL CONFERENCE ON INFORMATION AND KNOWLEDGE MANAGEMENT
ExplIQuE: Interactive Databases Exploration with SQL.,2019,CIKM,INTERNATIONAL CONFERENCE ON INFORMATION AND KNOWLEDGE MANAGEMENT
TraVis: An Interactive Visualization System for Mining Inbound Traveler Activities by Leveraging Mobile Ad Request Data.,2019,CIKM,INTERNATIONAL CONFERENCE ON INFORMATION AND KNOWLEDGE MANAGEMENT
Understanding Data in the Blink of an Eye.,2019,CIKM,INTERNATIONAL CONFERENCE ON INFORMATION AND KNOWLEDGE MANAGEMENT
SIMILANT: An Analytic Tool for Similarity Modeling.,2019,CIKM,INTERNATIONAL CONFERENCE ON INFORMATION AND KNOWLEDGE MANAGEMENT
MithraLabel: Flexible Dataset Nutritional Labels for Responsible Data Science.,2019,CIKM,INTERNATIONAL CONFERENCE ON INFORMATION AND KNOWLEDGE MANAGEMENT
PRIVATA: Differentially Private Data Market Framework using Negotiation-based Pricing Mechanism.,2019,CIKM,INTERNATIONAL CONFERENCE ON INFORMATION AND KNOWLEDGE MANAGEMENT
MiCRon: Making Sense of News via Relationship Subgraphs.,2019,CIKM,INTERNATIONAL CONFERENCE ON INFORMATION AND KNOWLEDGE MANAGEMENT
LuPe: A System for Personalized and Transparent Data-driven Decisions.,2019,CIKM,INTERNATIONAL CONFERENCE ON INFORMATION AND KNOWLEDGE MANAGEMENT
Insta-Search: Towards Effective Exploration of Knowledge Graphs.,2019,CIKM,INTERNATIONAL CONFERENCE ON INFORMATION AND KNOWLEDGE MANAGEMENT
SkyRec: Finding Pareto Optimal Groups.,2019,CIKM,INTERNATIONAL CONFERENCE ON INFORMATION AND KNOWLEDGE MANAGEMENT
CurrentClean: Interactive Change Exploration and Cleaning of Stale Data.,2019,CIKM,INTERNATIONAL CONFERENCE ON INFORMATION AND KNOWLEDGE MANAGEMENT
PatMat: A Distributed Pattern Matching Engine with Cypher.,2019,CIKM,INTERNATIONAL CONFERENCE ON INFORMATION AND KNOWLEDGE MANAGEMENT
On a Chatbot Conducting Virtual Dialogues.,2019,CIKM,INTERNATIONAL CONFERENCE ON INFORMATION AND KNOWLEDGE MANAGEMENT
: Recommending Alcohol and Drug-free Routes.,2019,CIKM,INTERNATIONAL CONFERENCE ON INFORMATION AND KNOWLEDGE MANAGEMENT
kBrowse: kNN Graph Browser.,2019,CIKM,INTERNATIONAL CONFERENCE ON INFORMATION AND KNOWLEDGE MANAGEMENT
BIP! Finder: Facilitating Scientific Literature Search by Exploiting Impact-Based Ranking.,2019,CIKM,INTERNATIONAL CONFERENCE ON INFORMATION AND KNOWLEDGE MANAGEMENT
"BeLink: Querying Networks of Facts, Statements and Beliefs.",2019,CIKM,INTERNATIONAL CONFERENCE ON INFORMATION AND KNOWLEDGE MANAGEMENT
TuneR: Fine Tuning of Rule-based Entity Matchers.,2019,CIKM,INTERNATIONAL CONFERENCE ON INFORMATION AND KNOWLEDGE MANAGEMENT
I-REX: A Lucene Plugin for EXplainable IR.,2019,CIKM,INTERNATIONAL CONFERENCE ON INFORMATION AND KNOWLEDGE MANAGEMENT
Model Asset eXchange: Path to Ubiquitous Deep Learning Deployment.,2019,CIKM,INTERNATIONAL CONFERENCE ON INFORMATION AND KNOWLEDGE MANAGEMENT
ReducE-Comm: Effective Inventory Reduction System for E-Commerce.,2019,CIKM,INTERNATIONAL CONFERENCE ON INFORMATION AND KNOWLEDGE MANAGEMENT
dEFEND: A System for Explainable Fake News Detection.,2019,CIKM,INTERNATIONAL CONFERENCE ON INFORMATION AND KNOWLEDGE MANAGEMENT
Enterprise Knowledge Graph From Specific Business Task to Enterprise Knowledge Management.,2019,CIKM,INTERNATIONAL CONFERENCE ON INFORMATION AND KNOWLEDGE MANAGEMENT
"Taming Social Bots: Detection, Exploration and Measurement.",2019,CIKM,INTERNATIONAL CONFERENCE ON INFORMATION AND KNOWLEDGE MANAGEMENT
Learning-Based Methods with Human-in-the-Loop for Entity Resolution.,2019,CIKM,INTERNATIONAL CONFERENCE ON INFORMATION AND KNOWLEDGE MANAGEMENT
Learning and Reasoning on Graph for Recommendation.,2019,CIKM,INTERNATIONAL CONFERENCE ON INFORMATION AND KNOWLEDGE MANAGEMENT
Recent Developments of Deep Heterogeneous Information Network Analysis.,2019,CIKM,INTERNATIONAL CONFERENCE ON INFORMATION AND KNOWLEDGE MANAGEMENT
Synergy of Database Techniques and Machine Learning Models for String Similarity Search and Join.,2019,CIKM,INTERNATIONAL CONFERENCE ON INFORMATION AND KNOWLEDGE MANAGEMENT
Realtime Object Detection via Deep Learning-based Pipelines.,2019,CIKM,INTERNATIONAL CONFERENCE ON INFORMATION AND KNOWLEDGE MANAGEMENT
Recommendation for Multi-stakeholders and through Neural Review Mining.,2019,CIKM,INTERNATIONAL CONFERENCE ON INFORMATION AND KNOWLEDGE MANAGEMENT
Machine Learning on Graphs with Kernels.,2019,CIKM,INTERNATIONAL CONFERENCE ON INFORMATION AND KNOWLEDGE MANAGEMENT
DTMBIO 2019: The Thirteenth International Workshop on Data and Text Mining in Biomedical Informatics.,2019,CIKM,INTERNATIONAL CONFERENCE ON INFORMATION AND KNOWLEDGE MANAGEMENT
Knowledge-Driven Analytics and Systems Impacting Human Quality of Life.,2019,CIKM,INTERNATIONAL CONFERENCE ON INFORMATION AND KNOWLEDGE MANAGEMENT
HENA 2019: The 3rd Workshop of Heterogeneous Information Network Analysis and Applications.,2019,CIKM,INTERNATIONAL CONFERENCE ON INFORMATION AND KNOWLEDGE MANAGEMENT
EYRE 2019: 2nd International Workshop on EntitY REtrieval.,2019,CIKM,INTERNATIONAL CONFERENCE ON INFORMATION AND KNOWLEDGE MANAGEMENT
CIKM 2019 Workshop on Artificial Intelligence in Transportation (AI in transportation).,2019,CIKM,INTERNATIONAL CONFERENCE ON INFORMATION AND KNOWLEDGE MANAGEMENT
GRLA 2019: The first International Workshop on Graph Representation Learning and its Applications.,2019,CIKM,INTERNATIONAL CONFERENCE ON INFORMATION AND KNOWLEDGE MANAGEMENT
International Workshop on Model Selection and Parameter Tuning in Recommender Systems.,2019,CIKM,INTERNATIONAL CONFERENCE ON INFORMATION AND KNOWLEDGE MANAGEMENT
2nd Workshop on Knowledge-aware and Conversational Recommender Systems - KaRS.,2019,CIKM,INTERNATIONAL CONFERENCE ON INFORMATION AND KNOWLEDGE MANAGEMENT
BigScholar 2019: The 6th Workshop on Big Scholarly Data.,2019,CIKM,INTERNATIONAL CONFERENCE ON INFORMATION AND KNOWLEDGE MANAGEMENT
